row_id,pred_total_volume_m3,pred_chilled_volume_m3
W0000,535.6386,194.6665
W0001,77.5333,0.0
W0002,22.6355,0.0
W0003,1010.7212,384.1069
W0004,141.1204,0.0
W0005,41.5831,0.0
W0006,756.2545,282.4347
W0007,120.1808,0.0
W0008,30.5316,0.0
W0009,1423.1739,527.7504
W0010,232.6864,0.0
W0011,51.2814,0.0
W0012,365.1036,138.1804
W0013,51.9558,0.0
W0014,22.7734,0.0
W0015,673.6824,249.8165
W0016,125.5038,0.0
W0017,24.6112,0.0
W0018,563.7076,211.6319
W0019,77.9201,0.0
W0020,22.4902,0.0
W0021,1061.1915,403.8752
W0022,143.7406,0.0
W0023,41.7461,0.0
W0024,520.0828,194.1422
W0025,82.873,0.0
W0026,19.766,0.0
W0027,992.7122,377.7887
W0028,104.2826,0.0
W0029,26.5623,0.0
W0030,526.5652,195.4165
W0031,76.3546,0.0
W0032,20.649,0.0
W0033,991.5911,376.1457
W0034,141.5634,0.0
W0035,38.8829,0.0
W0036,527.346,197.2173
W0037,76.3196,0.0
W0038,20.4764,0.0
W0039,992.7807,376.6853
W0040,141.6522,0.0
W0041,34.6623,0.0
W0042,539.8729,202.6925
W0043,76.209,0.0
W0044,21.7786,0.0
W0045,1015.8068,381.1068
W0046,141.5505,0.0
W0047,35.8005,0.0
W0048,625.3554,234.0487
W0049,77.4684,0.0
W0050,29.5285,0.0
W0051,1176.3025,447.9528
W0052,141.3061,0.0
W0053,46.3593,0.0
W0054,529.6956,199.079
W0055,76.2149,0.0
W0056,20.5011,0.0
W0057,996.3579,381.6314
W0058,141.9188,0.0
W0059,39.8256,0.0
